{"branch_id":"fb137334-dd8e-4a26-8f37-2996778e55e9","name":"Untitled","created":"2023-11-05T02:54:18.664Z","settings":{"physics":{"gravity":[0,-9.8,0]},"render":{"lightmapFilterRange":10,"fog_end":1000,"lightmapFilterEnabled":false,"ambientBake":false,"tonemapping":0,"lightingAreaLightsEnabled":false,"lightingShadowType":0,"ambientBakeOcclusionContrast":0,"skybox":null,"lightingCookieAtlasResolution":2048,"fog_density":0.01,"lightmapFilterSmoothness":0.2,"gamma_correction":1,"exposure":1,"lightingShadowsEnabled":false,"fog_start":1,"skyboxIntensity":1,"global_ambient":[0.2,0.2,0.2],"ambientBakeNumSamples":1,"fog_color":[0,0,0],"lightingCells":[10,3,10],"lightmapMode":1,"lightingCookiesEnabled":false,"clusteredLightingEnabled":false,"ambientBakeSpherePart":0.4,"fog":"none","ambientBakeOcclusionBrightness":0,"lightmapMaxResolution":2048,"lightingMaxLightsPerCell":255,"lightingShadowAtlasResolution":2048,"skyboxMip":0,"lightmapSizeMultiplier":16,"skyboxRotation":[0,0,0]}},"entities":{"! !":{"!":"Root","#":null,"$":"! !","%":{},"&":[]," ":true,"'":["! 5","! 6","! %","! 7"],"___2":0},"! 5":{"!":"Profiler","&":[]," ":true,"$":"! 5","#":"! !","'":[],"%":{"9":{" ":true,":":["Profiler"],";":{"<":{"8":{"=":12,">":"chrome","?":"pirate_perto"}," ":true}}}},"___2":0},"! 6":{"!":"Camera","&":[]," ":true,"$":"! 6","#":"! !","'":[],"%":{"9":{" ":true,":":["orbitCamera","orbitCameraInputMouse"],";":{"N":{"8":{"O":0,"P":0,"Q":90,"R":-90,"S":0,"T":null,"U":false}," ":true},"V":{"8":{"W":0.3,"X":0.15}," ":true}}},"@":{" ":true,"A":true,"B":[0.118,0.118,0.118,1],"C":true,"D":false,"E":false,"F":0,"G":55,"H":true,"I":4,"J":0.1,"K":1000,"L":0,"M":[0,0,1,1],"(":[0,1,2,3,4]}},"___1":[6,9,3]},"! %":{" ":true,"&":[],"'":["! &"],"$":"! %","!":"ion","%":{},"#":"! !","Y":{"! %":"3416743d-b6ad-4cf2-b53c-0b1cbbb9ad16","! &":"324113bd-fb47-4f33-8206-2fda9ad7a625","! '":"62857682-bb79-4556-b11f-3f1fa42ebcf3","! (":"51f19c6b-3032-492b-93e5-d0aee25347ac","!  ":"d04f8e40-677c-49b7-bf05-fc41259c69c2","! #":"8fc6126c-0159-4f08-ac6e-6805fb35fb81","! -":"decadd7a-7d4c-4961-9d83-6ca72431031d","! .":"b4696698-279f-49ef-a205-c077444c5c1c","! $":"9bbc203a-7607-4f36-a4e2-4de842f0886d","! /":"fe8dd8df-22c1-4685-af23-613a1a6f7f66","! 0":"ed47896f-5031-49a1-9c7e-af4c94553b68","! )":"2446e57a-5522-456a-a836-06b850d19a41","! 1":"e13b40f3-c60b-44f0-a854-74ccc22cbbad","! *":"98c75e91-b4d0-4341-a37e-f8a252ba68e5","! 2":"3086bcef-33db-46d6-9c0b-54b5ac4ad7ad","! +":"26030f0e-9cae-4a4a-81da-b72993e7ca0a","! 3":"b67cbcb7-6c7b-4363-8c78-6b3180dc5d86","! ,":"8143a917-5965-44a0-95ba-9b90f05f52d4","! 4":"5a38b363-f468-4387-bf5e-94788712313f"},"Z":156223215,"___1":[0,12,3]},"! &":{" ":true,"&":[],"'":["! '"],"$":"! &","!":"RootNode (model correction matrix)","%":{},"#":"! %","___2":0},"! '":{" ":true,"&":[],"'":["! ("],"$":"! '","!":"f10517d4966d42c99c9bc47c460a132f.fbx","%":{},"#":"! &","___1":[0,15,3]},"! (":{" ":true,"&":[],"'":["!  "],"$":"! (","!":"node_3","%":{},"#":"! '","___2":0},"!  ":{" ":true,"&":[],"'":["! #","! $","! )","! *","! +","! ,"],"$":"!  ","!":"RootNode","%":{},"#":"! (","___2":0},"! #":{" ":true,"&":[],"'":["! -","! ."],"$":"! #","!":"circle","%":{},"#":"!  ","___2":0},"! -":{" ":true,"&":[],"'":[],"$":"! -","!":"circle_constant1_0","%":{",":{"0":true,"1":true,"2":false,"3":1,"4":true,"5":false,"6":1,"7":null," ":true,")":"asset","-":156223209,".":[156223205],"(":[0],"/":null,"*":true,"+":false}},"#":"! #","___2":0},"! .":{" ":true,"&":[],"'":[],"$":"! .","!":"circle_HoloFillDark_0","%":{",":{"0":true,"1":true,"2":false,"3":1,"4":true,"5":false,"6":1,"7":null," ":true,")":"asset","-":156223210,".":[156223206],"(":[0],"/":null,"*":true,"+":false}},"#":"! #","___2":0},"! $":{" ":true,"&":[],"'":["! /","! 0"],"$":"! $","!":"geo1","%":{},"#":"!  ","___2":0},"! /":{" ":true,"&":[],"'":[],"$":"! /","!":"geo1_constant1_0","%":{",":{"0":true,"1":true,"2":false,"3":1,"4":true,"5":false,"6":1,"7":null," ":true,")":"asset","-":156223211,".":[156223205],"(":[0],"/":null,"*":true,"+":false}},"#":"! $","___2":0},"! 0":{" ":true,"&":[],"'":[],"$":"! 0","!":"geo1_HoloFillDark_0","%":{",":{"0":true,"1":true,"2":false,"3":1,"4":true,"5":false,"6":1,"7":null," ":true,")":"asset","-":156223212,".":[156223206],"(":[0],"/":null,"*":true,"+":false}},"#":"! $","___2":0},"! )":{" ":true,"&":[],"'":["! 1"],"$":"! )","!":"cam1","%":{},"#":"!  ","___1":[18,21,3]},"! 1":{" ":true,"&":[],"'":[],"$":"! 1","!":"node_12","%":{},"#":"! )","___2":0},"! *":{" ":true,"&":[],"'":["! 2"],"$":"! *","!":"circle1","%":{},"#":"!  ","___2":0},"! 2":{" ":true,"&":[],"'":[],"$":"! 2","!":"circle1_constant2_0","%":{",":{"0":true,"1":true,"2":false,"3":1,"4":true,"5":false,"6":1,"7":null," ":true,")":"asset","-":156223213,".":[156223207],"(":[0],"/":null,"*":true,"+":false}},"#":"! *","___2":0},"! +":{" ":true,"&":[],"'":["! 3"],"$":"! +","!":"circle2","%":{},"#":"!  ","___2":0},"! 3":{" ":true,"&":[],"'":[],"$":"! 3","!":"circle2_constant2_0","%":{",":{"0":true,"1":true,"2":false,"3":1,"4":true,"5":false,"6":1,"7":null," ":true,")":"asset","-":156223214,".":[156223207],"(":[0],"/":null,"*":true,"+":false}},"#":"! +","___2":0},"! ,":{" ":true,"&":[],"'":["! 4"],"$":"! ,","!":"cam2","%":{},"#":"!  ","___1":[24,27,3]},"! 4":{" ":true,"&":[],"'":[],"$":"! 4","!":"node_18","%":{},"#":"! ,","___2":0},"! 7":{"!":"Directional Light","&":[]," ":true,"$":"! 7","#":"! !","'":[],"%":{"[":{" ":true,")":"directional","]":false,"^":0,"_":1,"`":true,"a":true,"b":false,"c":[1,1,1],"d":1,"*":false,"e":2,"f":0,"g":1,"h":11,"i":0.01,"j":16,"k":1,"l":1024,"m":1,"n":0.5,"o":0.2,"p":0.05,"q":8,"r":0,"s":40,"t":45,"u":0,"v":null,"w":1,"x":true,"y":"rgb","z":0,"{":[1,1],"|":[0,0],"+":false,"(":[0]}},"___1":[30,33,3]}},"checkpoint_id":"38c18d6c-14bd-4932-9bfe-3be9a7b872f3","id":1893233,"compressedFormat":{"fieldFirstCode":32,"fieldCodeBase":95,"fieldArray":["enabled","name",1,"parent","resource_id","components","tags","children","layers","type","castShadows","isStatic","render","asset","materialAssets","batchGroupId","castShadowsLightmap","receiveShadows","lightmapped","lightmapSizeMultiplier","castShadowsLightMap","lightMapped","lightMapSizeMultiplier","rootBone","attributes","script","order","scripts","Profiler","profilingTimeInSeconds","browser","scene","camera","clearColorBuffer","clearColor","clearDepthBuffer","renderSceneDepthMap","renderSceneColorMap","projection","fov","frustumCulling","orthoHeight","nearClip","farClip","priority","rect","orbitCamera","distanceMax","distanceMin","pitchAngleMax","pitchAngleMin","inertiaFactor","focusEntity","frameOnStart","orbitCameraInputMouse","orbitSensitivity","distanceSensitivity","template_ent_ids","template_id","light",1,"bake","bakeArea","bakeNumSamples","bakeDir","affectDynamic","affectLightmapped","color","intensity","shadowUpdateMode","shadowType","vsmBlurMode","vsmBlurSize","vsmBias","shadowDistance","shadowIntensity","shadowResolution","numCascades","cascadeDistribution","shadowBias","normalOffsetBias","range","falloffMode","innerConeAngle","outerConeAngle","shape","cookieAsset","cookieIntensity","cookieFalloff","cookieChannel","cookieAngle","cookieScale","cookieOffset"],"singleVecs":[0,0,0,1,1,1,0,0,10,-8,-0.00001,0,-90,0,0,90,0,0,0,0,8.8,0,90,0,-4.12998,4.45159,5.82007,-37.5703,43.7847,-47.1462,-3.154,3.96994,4.77703,30.05,27,-27.7],"tripleVecs":[0,0,3]}}