{"branch_id":"fb137334-dd8e-4a26-8f37-2996778e55e9","name":"Untitled","created":"2023-11-05T02:54:18.664Z","settings":{"physics":{"gravity":[0,-9.8,0]},"render":{"lightmapFilterRange":10,"fog_end":1000,"lightmapFilterEnabled":false,"ambientBake":false,"tonemapping":0,"lightingAreaLightsEnabled":false,"lightingShadowType":0,"ambientBakeOcclusionContrast":0,"skybox":null,"lightingCookieAtlasResolution":2048,"fog_density":0.01,"lightmapFilterSmoothness":0.2,"gamma_correction":1,"exposure":1,"lightingShadowsEnabled":false,"fog_start":1,"skyboxIntensity":1,"global_ambient":[0.2,0.2,0.2],"ambientBakeNumSamples":1,"fog_color":[0,0,0],"lightingCells":[10,3,10],"lightmapMode":1,"lightingCookiesEnabled":false,"clusteredLightingEnabled":false,"ambientBakeSpherePart":0.4,"fog":"none","ambientBakeOcclusionBrightness":0,"lightmapMaxResolution":2048,"lightingMaxLightsPerCell":255,"lightingShadowAtlasResolution":2048,"skyboxMip":0,"lightmapSizeMultiplier":16,"skyboxRotation":[0,0,0]}},"entities":{"! !":{"!":"Root","#":null,"$":"! !","%":{},"&":[]," ":true,"'":["! Z","! [","! #","! ]"],"___2":0},"! Z":{"!":"Profiler","&":[]," ":true,"$":"! Z","#":"! !","'":[],"%":{"9":{" ":true,":":["Profiler"],";":{"<":{"8":{"=":12,">":"chrome","?":"pirate_perto"}," ":true}}}},"___2":0},"! [":{"!":"Camera","&":[]," ":true,"$":"! [","#":"! !","'":[],"%":{"9":{" ":true,":":["orbitCamera","orbitCameraInputMouse"],";":{"N":{"8":{"O":0,"P":0,"Q":90,"R":-90,"S":0,"T":null,"U":false}," ":true},"V":{"8":{"W":0.3,"X":0.15}," ":true}}},"@":{" ":true,"A":true,"B":[0.118,0.118,0.118,1],"C":true,"D":false,"E":false,"F":0,"G":55,"H":true,"I":4,"J":0.1,"K":1000,"L":0,"M":[0,0,1,1],"(":[0,1,2,3,4]}},"___1":[6,9,3]},"! #":{" ":true,"&":[],"'":["! ("],"$":"! #","!":"Skull","%":{"Y":{"Z":156245792,"[":{"]":{")":156245682}}," ":true,"^":1,"_":true,"`":false,"*":"! #","a":{},"b":false}},"#":"! !","c":{"! #":"86f9a76c-0e86-4a20-9899-3043eecdc0f4","! (":"d172bf43-c10d-41b9-b023-f18fac3aaaf4","! )":"00986196-f5fc-41a0-9ff6-cc351a796873","! *":"1727d9ba-ec2b-4e82-8eff-d0232717fbf3","! +":"343e17bc-a7ff-4498-9157-9bd8b2e68b9e","! $":"6bb50000-870d-403a-a681-d63d763e4317","!  ":"d29e01c0-065d-44dd-beea-6098cf11b16b","! ,":"142571b9-6d7a-42ac-92d1-1afab48c7ba1","! A":"257e397b-7328-4637-aa32-4a4e07161d00","! -":"5a909226-7a52-40ff-ac18-45e344f3e38a","! B":"711142e2-f3ad-4319-8571-cbf746d14dd8","! .":"58cb8a37-02e5-4a7b-b39f-47c78c1689e4","! C":"7fc4c49e-0f8e-447d-b007-165e3858a27d","! /":"b1aaea16-4a3e-4bc2-ad13-fdd90592aaf8","! D":"61b67a89-6bcb-4292-a109-8802b219edd5","! 0":"969a7457-0772-44d3-9e8c-0c0bfebd7ec8","! E":"8bba7e46-6001-4bc4-b073-158db4645740","! 1":"3cc5cf92-58e9-4c08-89a1-c6cdcc1ce52a","! F":"9d4cd0e9-9504-4428-88d6-6eec7b448b87","! 2":"19d8235a-c68d-4f46-8b23-16b28f92bacd","! G":"44a750b3-7487-4d29-9a97-76b0b461e6f4","! 3":"56b7f35c-e8fd-48a1-b95c-44dc48e660ee","! H":"29ca13c0-31ab-49c1-9cab-f257e70eb06c","! 4":"b03d1f99-f509-424a-ad89-0ce1eab2c48d","! I":"d2b70e37-c905-4eb1-973b-102e976cf70e","! 5":"d002d4ad-579f-4a81-8a79-f234b3868e2c","! J":"87747eeb-7011-4247-a0d0-22be7e1435b2","! 6":"272d8d45-0bb5-433b-b821-38ee2015d7f5","! K":"917b5938-dfe1-4402-a0e7-d3a029e046e2","! 7":"f6ed004d-9392-454b-92dd-ad9700eb7e57","! L":"dc1696a7-82e7-44e3-9284-b244170ec525","! %":"e7fd4b77-c064-4846-a022-90a2c0cecb21","! M":"4042edf4-cd63-439f-8753-d49450701a57","! N":"81cbc428-f768-4a86-9d46-a80179147bc3","! 8":"e921ff64-689a-4ee2-b54f-ed95f9e92084","! O":"d5a70873-1bdd-4d37-b899-b09ec6e6af86","! 9":"674d859f-650e-45fb-9676-a01b669dac76","! P":"b8e03da6-07e5-4c6a-acb0-2d9d3ecb3b9b","! :":"ecd80618-87ec-4ce4-95c5-92ff4743fd3d","! Q":"f4f932e7-0acc-4693-91d4-e1548c1b01f8","! &":"0a04c032-fc76-4d3d-b8e6-32af5e2cc75f","! R":"8ea5dbfb-09f6-4e7c-aa22-12d090d0f81f","! S":"c93b9c68-6e52-4e66-ac10-ee4d70fdb2c7","! ;":"fe380b88-13f7-45c4-b857-32fd6dbb10ea","! T":"2261ed9f-6a6e-4b5c-95b3-8d6f344298bb","! <":"1473708b-27e7-4938-9242-41d962f03b1b","! U":"27f3da07-ba86-4823-8776-ab9cb69ddd04","! =":"96fae23e-23d4-4ec5-a4eb-dc8ff3c1488d","! V":"9c3c438c-93f3-492f-b532-da5cdadb34c7","! >":"08535beb-620e-4343-889e-175c37dd0b69","! W":"4cc7a67a-fa08-4f1d-a740-3539151bec67","! '":"f12cb8d0-9aaa-41c7-85ff-524e5f22dd5c","! ?":"7638736a-e537-49bf-ab5f-f99f54e1baca","! X":"1d1b2a5e-3d41-4353-ac69-3876804bbfe8","! @":"b06ad4f0-3ad4-44c6-9df2-50828060e3d8","! Y":"6b508ca5-660c-45c8-8f79-cdef1ad9a95d"},"d":156245737,"___1":[0,12,3]},"! (":{" ":true,"&":[],"'":["! )"],"$":"! (","!":"6718520e2371433bb7cfd89944ea6d9e.fbx","%":{},"#":"! #","___1":[0,15,3]},"! )":{" ":true,"&":[],"'":["! *"],"$":"! )","!":"Object_2","%":{},"#":"! (","___2":0},"! *":{" ":true,"&":[],"'":["! +"],"$":"! *","!":"RootNode","%":{},"#":"! )","___2":0},"! +":{" ":true,"&":[],"'":["! $"],"$":"! +","!":"_UNKNOWN_REF_NODE_fosterParent1","%":{},"#":"! *","___2":0},"! $":{" ":true,"&":[],"'":["!  ","! '"],"$":"! $","!":"Skull","%":{},"#":"! +","___1":[18,21,3]},"!  ":{" ":true,"&":[],"'":["! ,","! -","! .","! /","! 0","! 1","! 2","! 3","! 4","! 5","! 6","! 7","! %","! 8","! 9","! :","! &","! ;","! <","! =","! >"],"$":"!  ","!":"Cranium","%":{},"#":"! $","___2":0},"! ,":{" ":true,"&":[],"'":["! A"],"$":"! ,","!":"Left_zygomatic:STL_Output_from_geomagic_Studio_________________________________________________","%":{},"#":"!  ","___1":[24,0,3]},"! A":{" ":true,"&":[],"'":[],"$":"! A","!":"Left_zygomatic:STL_Output_from_geomagic_Studio__________________________________________________pasted__lambert5_0","%":{".":{"0":null,"1":true,"2":true,"3":false,"4":1,"5":true,"6":false,"7":1," ":true,"+":"asset",")":156245701,"/":[156245680],"(":[0],",":true,"-":false,"*":null}},"#":"! ,","___2":0},"! -":{" ":true,"&":[],"'":["! B"],"$":"! -","!":"Occipital:STL_Output_from_geomagic_Studio_________________________________________________","%":{},"#":"!  ","___1":[27,0,3]},"! B":{" ":true,"&":[],"'":[],"$":"! B","!":"Occipital:STL_Output_from_geomagic_Studio__________________________________________________pasted__lambert5_0","%":{".":{"0":null,"1":true,"2":true,"3":false,"4":1,"5":true,"6":false,"7":1," ":true,"+":"asset",")":156245699,"/":[156245680],"(":[0],",":true,"-":false,"*":null}},"#":"! -","___2":0},"! .":{" ":true,"&":[],"'":["! C"],"$":"! .","!":"Right_lacrimal:STL_Output_from_geomagic_Studio_________________________________________________","%":{},"#":"!  ","___1":[30,0,3]},"! C":{" ":true,"&":[],"'":[],"$":"! C","!":"Right_lacrimal:STL_Output_from_geomagic_Studio__________________________________________________pasted__lambert5_0","%":{".":{"0":null,"1":true,"2":true,"3":false,"4":1,"5":true,"6":false,"7":1," ":true,"+":"asset",")":156245702,"/":[156245680],"(":[0],",":true,"-":false,"*":null}},"#":"! .","___2":0},"! /":{" ":true,"&":[],"'":["! D"],"$":"! /","!":"Right_max:STL_Output_from_geomagic_Studio_________________________________________________","%":{},"#":"!  ","___1":[33,0,3]},"! D":{" ":true,"&":[],"'":[],"$":"! D","!":"Right_max:STL_Output_from_geomagic_Studio__________________________________________________pasted__lambert5_0","%":{".":{"0":null,"1":true,"2":true,"3":false,"4":1,"5":true,"6":false,"7":1," ":true,"+":"asset",")":156245700,"/":[156245680],"(":[0],",":true,"-":false,"*":null}},"#":"! /","___2":0},"! 0":{" ":true,"&":[],"'":["! E"],"$":"! 0","!":"right_nasal:STL_Output_from_geomagic_Studio_________________________________________________","%":{},"#":"!  ","___1":[36,0,3]},"! E":{" ":true,"&":[],"'":[],"$":"! E","!":"right_nasal:STL_Output_from_geomagic_Studio__________________________________________________pasted__lambert5_0","%":{".":{"0":null,"1":true,"2":true,"3":false,"4":1,"5":true,"6":false,"7":1," ":true,"+":"asset",")":156245704,"/":[156245680],"(":[0],",":true,"-":false,"*":null}},"#":"! 0","___2":0},"! 1":{" ":true,"&":[],"'":["! F"],"$":"! 1","!":"right_palatine:STL_Output_from_geomagic_Studio_________________________________________________","%":{},"#":"!  ","___1":[39,0,3]},"! F":{" ":true,"&":[],"'":[],"$":"! F","!":"right_palatine:STL_Output_from_geomagic_Studio__________________________________________________pasted__lambert5_0","%":{".":{"0":null,"1":true,"2":true,"3":false,"4":1,"5":true,"6":false,"7":1," ":true,"+":"asset",")":156245705,"/":[156245680],"(":[0],",":true,"-":false,"*":null}},"#":"! 1","___2":0},"! 2":{" ":true,"&":[],"'":["! G"],"$":"! 2","!":"Right_Parietal:STL_Output_from_geomagic_Studio_________________________________________________","%":{},"#":"!  ","___1":[42,0,3]},"! G":{" ":true,"&":[],"'":[],"$":"! G","!":"Right_Parietal:STL_Output_from_geomagic_Studio__________________________________________________pasted__lambert5_0","%":{".":{"0":null,"1":true,"2":true,"3":false,"4":1,"5":true,"6":false,"7":1," ":true,"+":"asset",")":156245706,"/":[156245680],"(":[0],",":true,"-":false,"*":null}},"#":"! 2","___2":0},"! 3":{" ":true,"&":[],"'":["! H"],"$":"! 3","!":"Right_temporal:STL_Output_from_geomagic_Studio_________________________________________________","%":{},"#":"!  ","___1":[45,0,3]},"! H":{" ":true,"&":[],"'":[],"$":"! H","!":"Right_temporal:STL_Output_from_geomagic_Studio__________________________________________________pasted__lambert5_0","%":{".":{"0":null,"1":true,"2":true,"3":false,"4":1,"5":true,"6":false,"7":1," ":true,"+":"asset",")":156245707,"/":[156245680],"(":[0],",":true,"-":false,"*":null}},"#":"! 3","___2":0},"! 4":{" ":true,"&":[],"'":["! I"],"$":"! 4","!":"Right_zygomatic:STL_Output_from_geomagic_Studio_________________________________________________","%":{},"#":"!  ","___1":[48,0,3]},"! I":{" ":true,"&":[],"'":[],"$":"! I","!":"Right_zygomatic:STL_Output_from_geomagic_Studio__________________________________________________pasted__lambert5_0","%":{".":{"0":null,"1":true,"2":true,"3":false,"4":1,"5":true,"6":false,"7":1," ":true,"+":"asset",")":156245708,"/":[156245680],"(":[0],",":true,"-":false,"*":null}},"#":"! 4","___2":0},"! 5":{" ":true,"&":[],"'":["! J"],"$":"! 5","!":"Sphenoid:STL_Output_from_geomagic_Studio_________________________________________________","%":{},"#":"!  ","___2":0},"! J":{" ":true,"&":[],"'":[],"$":"! J","!":"Sphenoid:STL_Output_from_geomagic_Studio__________________________________________________pasted__lambert5_0","%":{".":{"0":null,"1":true,"2":true,"3":false,"4":1,"5":true,"6":false,"7":1," ":true,"+":"asset",")":156245710,"/":[156245680],"(":[0],",":true,"-":false,"*":null}},"#":"! 5","___2":0},"! 6":{" ":true,"&":[],"'":["! K"],"$":"! 6","!":"Teeth:STL_Output_from_geomagic_Studio_________________________________________________","%":{},"#":"!  ","___1":[51,0,3]},"! K":{" ":true,"&":[],"'":[],"$":"! K","!":"Teeth:STL_Output_from_geomagic_Studio__________________________________________________pasted__phong3_0","%":{".":{"0":null,"1":true,"2":true,"3":false,"4":1,"5":true,"6":false,"7":1," ":true,"+":"asset",")":156245714,"/":[156245679],"(":[0],",":true,"-":false,"*":null}},"#":"! 6","___2":0},"! 7":{" ":true,"&":[],"'":["! L"],"$":"! 7","!":"Vomer:STL_Output_from_geomagic_Studio_________________________________________________","%":{},"#":"!  ","___1":[54,0,3]},"! L":{" ":true,"&":[],"'":[],"$":"! L","!":"Vomer:STL_Output_from_geomagic_Studio__________________________________________________pasted__lambert5_0","%":{".":{"0":null,"1":true,"2":true,"3":false,"4":1,"5":true,"6":false,"7":1," ":true,"+":"asset",")":156245712,"/":[156245680],"(":[0],",":true,"-":false,"*":null}},"#":"! 7","___2":0},"! %":{" ":true,"&":[],"'":["! M","! N"],"$":"! %","!":"Ethmoid:STL_Output_from_geomagic_Studio_________________________________________________","%":{},"#":"!  ","___1":[57,0,3]},"! M":{" ":true,"&":[],"'":[],"$":"! M","!":"Ethmoid:STL_Output_from_geomagic_Studio__________________________________________________pasted__lambert5_0","%":{".":{"0":null,"1":true,"2":true,"3":false,"4":1,"5":true,"6":false,"7":1," ":true,"+":"asset",")":156245713,"/":[156245680],"(":[0],",":true,"-":false,"*":null}},"#":"! %","___2":0},"! N":{" ":true,"&":[],"'":[],"$":"! N","!":"Ethmoid:STL_Output_from_geomagic_Studio__________________________________________________pasted__lambert5_0","%":{".":{"0":null,"1":true,"2":true,"3":false,"4":1,"5":true,"6":false,"7":1," ":true,"+":"asset",")":156245715,"/":[156245680],"(":[0],",":true,"-":false,"*":null}},"#":"! %","___2":0},"! 8":{" ":true,"&":[],"'":["! O"],"$":"! 8","!":"Frontal:STL_Output_from_geomagic_Studio_________________________________________________","%":{},"#":"!  ","___1":[60,0,3]},"! O":{" ":true,"&":[],"'":[],"$":"! O","!":"Frontal:STL_Output_from_geomagic_Studio__________________________________________________pasted__lambert5_0","%":{".":{"0":null,"1":true,"2":true,"3":false,"4":1,"5":true,"6":false,"7":1," ":true,"+":"asset",")":156245716,"/":[156245680],"(":[0],",":true,"-":false,"*":null}},"#":"! 8","___2":0},"! 9":{" ":true,"&":[],"'":["! P"],"$":"! 9","!":"Inferior_conchae:STL_Output_from_geomagic_Studio_________________________________________________","%":{},"#":"!  ","___1":[63,0,3]},"! P":{" ":true,"&":[],"'":[],"$":"! P","!":"Inferior_conchae:STL_Output_from_geomagic_Studio__________________________________________________pasted__lambert5_0","%":{".":{"0":null,"1":true,"2":true,"3":false,"4":1,"5":true,"6":false,"7":1," ":true,"+":"asset",")":156245717,"/":[156245680],"(":[0],",":true,"-":false,"*":null}},"#":"! 9","___2":0},"! :":{" ":true,"&":[],"'":["! Q"],"$":"! :","!":"left_lacrimal:STL_Output_from_geomagic_Studio_________________________________________________","%":{},"#":"!  ","___1":[66,0,3]},"! Q":{" ":true,"&":[],"'":[],"$":"! Q","!":"left_lacrimal:STL_Output_from_geomagic_Studio__________________________________________________pasted__lambert5_0","%":{".":{"0":null,"1":true,"2":true,"3":false,"4":1,"5":true,"6":false,"7":1," ":true,"+":"asset",")":156245718,"/":[156245680],"(":[0],",":true,"-":false,"*":null}},"#":"! :","___2":0},"! &":{" ":true,"&":[],"'":["! R","! S"],"$":"! &","!":"Left_maxilla:STL_Output_from_geomagic_Studio_________________________________________________","%":{},"#":"!  ","___1":[69,0,3]},"! R":{" ":true,"&":[],"'":[],"$":"! R","!":"Left_maxilla:STL_Output_from_geomagic_Studio__________________________________________________pasted__lambert5_0","%":{".":{"0":null,"1":true,"2":true,"3":false,"4":1,"5":true,"6":false,"7":1," ":true,"+":"asset",")":156245719,"/":[156245680],"(":[0],",":true,"-":false,"*":null}},"#":"! &","___2":0},"! S":{" ":true,"&":[],"'":[],"$":"! S","!":"Left_maxilla:STL_Output_from_geomagic_Studio__________________________________________________pasted__lambert5_0","%":{".":{"0":null,"1":true,"2":true,"3":false,"4":1,"5":true,"6":false,"7":1," ":true,"+":"asset",")":156245720,"/":[156245680],"(":[0],",":true,"-":false,"*":null}},"#":"! &","___2":0},"! ;":{" ":true,"&":[],"'":["! T"],"$":"! ;","!":"Left_nasal:STL_Output_from_geomagic_Studio_________________________________________________","%":{},"#":"!  ","___1":[72,0,3]},"! T":{" ":true,"&":[],"'":[],"$":"! T","!":"Left_nasal:STL_Output_from_geomagic_Studio__________________________________________________pasted__lambert5_0","%":{".":{"0":null,"1":true,"2":true,"3":false,"4":1,"5":true,"6":false,"7":1," ":true,"+":"asset",")":156245721,"/":[156245680],"(":[0],",":true,"-":false,"*":null}},"#":"! ;","___2":0},"! <":{" ":true,"&":[],"'":["! U"],"$":"! <","!":"Left_palatine:STL_Output_from_geomagic_Studio_________________________________________________","%":{},"#":"!  ","___1":[75,0,3]},"! U":{" ":true,"&":[],"'":[],"$":"! U","!":"Left_palatine:STL_Output_from_geomagic_Studio__________________________________________________pasted__lambert5_0","%":{".":{"0":null,"1":true,"2":true,"3":false,"4":1,"5":true,"6":false,"7":1," ":true,"+":"asset",")":156245722,"/":[156245680],"(":[0],",":true,"-":false,"*":null}},"#":"! <","___2":0},"! =":{" ":true,"&":[],"'":["! V"],"$":"! =","!":"Left_parietal:STL_Output_from_geomagic_Studio_________________________________________________","%":{},"#":"!  ","___1":[78,0,3]},"! V":{" ":true,"&":[],"'":[],"$":"! V","!":"Left_parietal:STL_Output_from_geomagic_Studio__________________________________________________pasted__lambert5_0","%":{".":{"0":null,"1":true,"2":true,"3":false,"4":1,"5":true,"6":false,"7":1," ":true,"+":"asset",")":156245723,"/":[156245680],"(":[0],",":true,"-":false,"*":null}},"#":"! =","___2":0},"! >":{" ":true,"&":[],"'":["! W"],"$":"! >","!":"left_temporal:STL_Output_from_geomagic_Studio_________________________________________________","%":{},"#":"!  ","___1":[81,0,3]},"! W":{" ":true,"&":[],"'":[],"$":"! W","!":"left_temporal:STL_Output_from_geomagic_Studio__________________________________________________pasted__lambert5_0","%":{".":{"0":null,"1":true,"2":true,"3":false,"4":1,"5":true,"6":false,"7":1," ":true,"+":"asset",")":156245724,"/":[156245680],"(":[0],",":true,"-":false,"*":null}},"#":"! >","___2":0},"! '":{" ":true,"&":[],"'":["! ?","! @"],"$":"! '","!":"Mandible1","%":{},"#":"! $","___1":[84,87,3]},"! ?":{" ":true,"&":[],"'":["! X"],"$":"! ?","!":"Lower_teeth:STL_Output_from_geomagic_Studio_________________________________________________","%":{},"#":"! '","___1":[90,0,3]},"! X":{" ":true,"&":[],"'":[],"$":"! X","!":"Lower_teeth:STL_Output_from_geomagic_Studio__________________________________________________pasted__phong3_0","%":{".":{"0":null,"1":true,"2":true,"3":false,"4":1,"5":true,"6":false,"7":1," ":true,"+":"asset",")":156245725,"/":[156245679],"(":[0],",":true,"-":false,"*":null}},"#":"! ?","___2":0},"! @":{" ":true,"&":[],"'":["! Y"],"$":"! @","!":"Mandible:STL_Output_from_geomagic_Studio_________________________________________________","%":{},"#":"! '","___1":[93,0,3]},"! Y":{" ":true,"&":[],"'":[],"$":"! Y","!":"Mandible:STL_Output_from_geomagic_Studio__________________________________________________pasted__lambert5_0","%":{".":{"0":null,"1":true,"2":true,"3":false,"4":1,"5":true,"6":false,"7":1," ":true,"+":"asset",")":156245726,"/":[156245680],"(":[0],",":true,"-":false,"*":null}},"#":"! @","___2":0},"! ]":{"!":"Directional Light","&":[]," ":true,"$":"! ]","#":"! !","'":[],"%":{"e":{" ":true,"+":"directional","f":false,"g":0,"h":1,"i":true,"j":true,"k":false,"l":[1,1,1],"m":1,",":false,"n":2,"o":0,"p":1,"q":11,"r":0.01,"s":16,"t":1,"u":1024,"v":1,"w":0.5,"x":0.2,"y":0.05,"z":8,"{":0,"|":40,"}":45,"~":0,"! ":null,"!!":1,"!#":true,"!$":"rgb","!%":0,"!&":[1,1],"!'":[0,0],"-":true,"(":[0]}},"___2":0}},"checkpoint_id":"38c18d6c-14bd-4932-9bfe-3be9a7b872f3","id":1893233,"compressedFormat":{"fieldFirstCode":32,"fieldCodeBase":95,"fieldArray":["enabled","name",1,"parent","resource_id","components","tags","children","layers","asset","rootBone","type","castShadows","isStatic","render","materialAssets","batchGroupId","castShadowsLightmap","receiveShadows","lightmapped","lightmapSizeMultiplier","castShadowsLightMap","lightMapped","lightMapSizeMultiplier","attributes","script","order","scripts","Profiler","profilingTimeInSeconds","browser","scene","camera","clearColorBuffer","clearColor","clearDepthBuffer","renderSceneDepthMap","renderSceneColorMap","projection","fov","frustumCulling","orthoHeight","nearClip","farClip","priority","rect","orbitCamera","distanceMax","distanceMin","pitchAngleMax","pitchAngleMin","inertiaFactor","focusEntity","frameOnStart","orbitCameraInputMouse","orbitSensitivity","distanceSensitivity","anim","stateGraphAsset","animationAssets",1,"Base:Initial State","speed","activate","playing","masks","normalizeWeights","template_ent_ids","template_id","light","bake","bakeArea","bakeNumSamples","bakeDir","affectDynamic","affectLightmapped","color","intensity","shadowUpdateMode","shadowType","vsmBlurMode","vsmBlurSize","vsmBias","shadowDistance","shadowIntensity","shadowResolution","numCascades","cascadeDistribution","shadowBias","normalOffsetBias","range","falloffMode","innerConeAngle","outerConeAngle","shape","cookieAsset","cookieIntensity",1,"cookieFalloff","cookieChannel","cookieAngle","cookieScale","cookieOffset"],"singleVecs":[0,0,0,1,1,1,0,0,50,-0.2,-7.40001,0,-90,0,0,90,0,0,-0.24889,5.88135,0.96079,-134.882,-3.34307,3.1236,0.02763,-0.01294,-0.01492,-0.00185,0.02287,0.00913,-0.00557,-0.00784,-0.00733,-0.02035,-0.00163,-0.00005,-0.00844,-0.02319,-0.0223,-0.01639,0.0127,-0.01411,-0.02159,-0.01119,0.00945,-0.02297,-0.00184,-0.00006,-0.02167,-0.0162,-0.01437,0.00023,-0.00238,-0.01501,0.00083,-0.00978,-0.02056,0.00065,-0.00787,-0.00783,0.00357,-0.0444,-0.008,0.00167,-0.02025,-0.02017,0.00756,-0.00679,-0.0073,0.02144,0.00171,0.00005,0.00783,-0.02189,-0.02226,0.00986,0.0148,-0.01404,0.02337,-0.01473,0.01672,0.03872,0.0031,0.0001,-0.41757,-1.65963,0.93141,-8.73588,1.66733,2.36948,0.0004,0.01042,-0.02003,-0.00016,0.02731,-0.02022],"tripleVecs":[0,0,3]}}